,r1,r2,a,jx,jy
10x1.0,0.5,0.4,0.2827,0.0290,0.0290
10x1.2,0.5,0.38,0.3318,0.0327,0.0327
10.2x1.0,0.51,0.41,0.2890,0.0309,0.0309
10.2x1.2,0.51,0.39,0.3393,0.0350,0.0350
12x1.0,0.6,0.5,0.3456,0.0527,0.0527
12x1.2,0.6,0.48,0.4072,0.0601,0.0601
12x1.4,0.6,0.46,0.4662,0.0666,0.0666
12x1.5,0.6,0.45,0.4948,0.0696,0.0696
12x1.6,0.6,0.44,0.5228,0.0724,0.0724
13x1.0,0.65,0.55,0.3770,0.0683,0.0683
13x1.2,0.65,0.53,0.4448,0.0782,0.0782
13x1.4,0.65,0.51,0.5102,0.0871,0.0871
13x1.5,0.65,0.5,0.5419,0.0911,0.0911
13x1.6,0.65,0.49,0.5730,0.0949,0.0949
14x1.0,0.7,0.6,0.4084,0.0868,0.0868
14x1.2,0.7,0.58,0.4825,0.0997,0.0997
14x1.4,0.7,0.56,0.5542,0.1113,0.1113
14x1.5,0.7,0.55,0.5890,0.1167,0.1167
14x1.6,0.7,0.54,0.6233,0.1218,0.1218
15x1.0,0.75,0.65,0.4398,0.1083,0.1083
15x1.2,0.75,0.63,0.5202,0.1248,0.1248
15x1.4,0.75,0.61,0.5982,0.1398,0.1398
15x1.5,0.75,0.6,0.6362,0.1467,0.1467
15x1.6,0.75,0.59,0.6736,0.1533,0.1533
16x1.0,0.8,0.7,0.4712,0.1331,0.1331
16x1.2,0.8,0.68,0.5579,0.1538,0.1538
16x1.4,0.8,0.66,0.6421,0.1727,0.1727
16x1.5,0.8,0.65,0.6833,0.1815,0.1815
16x1.6,0.8,0.64,0.7238,0.1899,0.1899
17x1.0,0.85,0.75,0.5027,0.1615,0.1615
17x1.2,0.85,0.73,0.5956,0.1869,0.1869
17x1.4,0.85,0.71,0.6861,0.2104,0.2104
17x1.5,0.85,0.7,0.7304,0.2214,0.2214
17x1.6,0.85,0.69,0.7741,0.2320,0.2320
18x1.0,0.9,0.8,0.5341,0.1936,0.1936
18x1.2,0.9,0.78,0.6333,0.2246,0.2246
18x1.4,0.9,0.76,0.7301,0.2533,0.2533
18x1.5,0.9,0.75,0.7775,0.2668,0.2668
18x1.6,0.9,0.74,0.8244,0.2798,0.2798
18x1.8,0.9,0.72,0.9161,0.3042,0.3042
19x1.0,0.95,0.85,0.5655,0.2297,0.2297
19x1.2,0.95,0.83,0.6710,0.2670,0.2670
19x1.4,0.95,0.81,0.7741,0.3016,0.3016
19x1.5,0.95,0.8,0.8247,0.3180,0.3180
19x1.6,0.95,0.79,0.8746,0.3338,0.3338
19x1.8,0.95,0.77,0.9726,0.3636,0.3636
19x2.0,0.95,0.75,1.068,0.3912,0.3912
20x1.0,1,0.9,0.5969,0.2701,0.2701
20x1.2,1,0.88,0.7087,0.3144,0.3144
20x1.4,1,0.86,0.8181,0.3558,0.3558
20x1.5,1,0.85,0.8718,0.3754,0.3754
20x1.6,1,0.84,0.9249,0.3944,0.3944
20x1.8,1,0.82,1.029,0.4303,0.4303
20x2.0,1,0.8,1.131,0.4637,0.4637
21.3x1.0,1.065,0.965,0.6377,0.3293,0.3293
21.3x1.2,1.065,0.945,0.7578,0.3840,0.3840
21.3x1.4,1.065,0.925,0.8752,0.4354,0.4354
21.3x1.5,1.065,0.915,0.9331,0.4599,0.4599
21.3x1.6,1.065,0.905,0.9902,0.4835,0.4835
21.3x1.8,1.065,0.885,1.103,0.5286,0.5286
21.3x2.0,1.065,0.865,1.213,0.5707,0.5707
22x1.0,1.1,1,0.6597,0.3645,0.3645
22x1.2,1.1,0.98,0.7841,0.4255,0.4255
22x1.4,1.1,0.96,0.9060,0.4828,0.4828
22x1.5,1.1,0.95,0.9660,0.5102,0.5102
22x1.6,1.1,0.94,1.025,0.5367,0.5367
22x1.8,1.1,0.92,1.142,0.5872,0.5872
22x2.0,1.1,0.9,1.257,0.6346,0.6346
23x1.0,1.15,1.05,0.6912,0.4190,0.4190
23x1.2,1.15,1.03,0.8218,0.4897,0.4897
23x1.4,1.15,1.01,0.9500,0.5564,0.5564
23x1.5,1.15,1,1.013,0.5883,0.5883
23x1.6,1.15,0.99,1.076,0.6192,0.6192
23x1.8,1.15,0.97,1.199,0.6784,0.6784
23x2.0,1.15,0.95,1.319,0.7340,0.7340
23x2.2,1.15,0.93,1.438,0.7861,0.7861
23x2.5,1.15,0.9,1.610,0.8584,0.8584
24x1.0,1.2,1.1,0.7226,0.4787,0.4787
24x1.2,1.2,1.08,0.8595,0.5601,0.5601
24x1.4,1.2,1.06,0.9940,0.6371,0.6371
24x1.5,1.2,1.05,1.060,0.6739,0.6739
24x1.6,1.2,1.04,1.126,0.7098,0.7098
24x1.8,1.2,1.02,1.255,0.7785,0.7785
24x2.0,1.2,1,1.382,0.8432,0.8432
24x2.2,1.2,0.98,1.507,0.9042,0.9042
24x2.5,1.2,0.95,1.689,0.9889,0.9889
25x1.0,1.25,1.15,0.7540,0.5438,0.5438
25x1.2,1.25,1.13,0.8972,0.6369,0.6369
25x1.4,1.25,1.11,1.038,0.7252,0.7252
25x1.5,1.25,1.1,1.107,0.7676,0.7676
25x1.6,1.25,1.09,1.176,0.8088,0.8088
25x1.8,1.25,1.07,1.312,0.8880,0.8880
25x2.0,1.25,1.05,1.445,0.9628,0.9628
25x2.2,1.25,1.03,1.576,1.034,1.034
25x2.5,1.25,1,1.767,1.132,1.132
26x1.0,1.3,1.2,0.7854,0.6146,0.6146
26x1.2,1.3,1.18,0.9349,0.7205,0.7205
26x1.4,1.3,1.16,1.082,0.8211,0.8211
26x1.5,1.3,1.15,1.155,0.8695,0.8695
26x1.6,1.3,1.14,1.226,0.9167,0.9167
26x1.8,1.3,1.12,1.368,1.007,1.007
26x2.0,1.3,1.1,1.508,1.093,1.093
26x2.2,1.3,1.08,1.645,1.175,1.175
26x2.5,1.3,1.05,1.846,1.289,1.289
27x1.0,1.35,1.25,0.8168,0.6912,0.6912
27x1.2,1.35,1.23,0.9726,0.8110,0.8110
27x1.4,1.35,1.21,1.126,0.9251,0.9251
27x1.5,1.35,1.2,1.202,0.9801,0.9801
27x1.6,1.35,1.19,1.277,1.034,1.034
27x1.8,1.35,1.17,1.425,1.137,1.137
27x2.0,1.35,1.15,1.571,1.235,1.235
27x2.2,1.35,1.13,1.714,1.328,1.328
27x2.5,1.35,1.1,1.924,1.459,1.459
28x1.0,1.4,1.3,0.8482,0.7740,0.7740
28x1.2,1.4,1.28,1.010,0.9089,0.9089
28x1.4,1.4,1.26,1.170,1.038,1.038
28x1.5,1.4,1.25,1.249,1.100,1.100
28x1.6,1.4,1.24,1.327,1.160,1.160
28x1.8,1.4,1.22,1.482,1.277,1.277
28x2.0,1.4,1.2,1.634,1.389,1.389
28x2.2,1.4,1.18,1.783,1.494,1.494
28x2.5,1.4,1.15,2.003,1.644,1.644
30x1.0,1.5,1.4,0.9111,0.9589,0.9589
30x1.2,1.5,1.38,1.086,1.128,1.128
30x1.4,1.5,1.36,1.258,1.289,1.289
30x1.5,1.5,1.35,1.343,1.367,1.367
30x1.6,1.5,1.34,1.428,1.444,1.444
30x1.8,1.5,1.32,1.595,1.592,1.592
30x2.0,1.5,1.3,1.759,1.733,1.733
30x2.2,1.5,1.28,1.921,1.868,1.868
30x2.5,1.5,1.25,2.160,2.059,2.059
32x1.0,1.6,1.5,0.9739,1.171,1.171
32x1.2,1.6,1.48,1.161,1.379,1.379
32x1.4,1.6,1.46,1.346,1.579,1.579
32x1.5,1.6,1.45,1.437,1.675,1.675
32x1.6,1.6,1.44,1.528,1.770,1.770
32x1.8,1.6,1.42,1.708,1.954,1.954
32x2.0,1.6,1.4,1.885,2.130,2.130
32x2.2,1.6,1.38,2.060,2.299,2.299
32x2.5,1.6,1.35,2.317,2.538,2.538
32x2.8,1.6,1.32,2.569,2.763,2.763
32x3.0,1.6,1.3,2.733,2.904,2.904
33x1.0,1.65,1.55,1.005,1.288,1.288
33x1.2,1.65,1.53,1.199,1.518,1.518
33x1.4,1.65,1.51,1.390,1.738,1.738
33x1.5,1.65,1.5,1.484,1.845,1.845
33x1.6,1.65,1.49,1.578,1.950,1.950
33x1.8,1.65,1.47,1.764,2.154,2.154
33x2.0,1.65,1.45,1.948,2.350,2.350
33x2.2,1.65,1.43,2.129,2.537,2.537
33x2.5,1.65,1.4,2.395,2.804,2.804
33x2.8,1.65,1.37,2.657,3.055,3.055
33x3.0,1.65,1.35,2.827,3.213,3.213
33.7x1.2,1.685,1.565,1.225,1.620,1.620
33.7x1.4,1.685,1.545,1.421,1.856,1.856
33.7x1.5,1.685,1.535,1.517,1.971,1.971
33.7x1.6,1.685,1.525,1.614,2.083,2.083
33.7x1.8,1.685,1.505,1.804,2.302,2.302
33.7x2.0,1.685,1.485,1.992,2.512,2.512
33.7x2.2,1.685,1.465,2.177,2.713,2.713
33.7x2.5,1.685,1.435,2.450,3.001,3.001
33.7x2.8,1.685,1.405,2.718,3.271,3.271
33.7x3.0,1.685,1.385,2.893,3.441,3.441
35x1.2,1.75,1.63,1.274,1.822,1.822
35x1.4,1.75,1.61,1.478,2.089,2.089
35x1.5,1.75,1.6,1.579,2.219,2.219
35x1.6,1.75,1.59,1.679,2.346,2.346
35x1.8,1.75,1.57,1.877,2.594,2.594
35x2.0,1.75,1.55,2.073,2.833,2.833
35x2.2,1.75,1.53,2.267,3.062,3.062
35x2.5,1.75,1.5,2.553,3.390,3.390
35x2.8,1.75,1.47,2.832,3.699,3.699
35x3.0,1.75,1.45,3.016,3.894,3.894
36x1.2,1.8,1.68,1.312,1.988,1.988
36x1.4,1.8,1.66,1.522,2.281,2.281
36x1.5,1.8,1.65,1.626,2.423,2.423
36x1.6,1.8,1.64,1.729,2.563,2.563
36x1.8,1.8,1.62,1.934,2.835,2.835
36x2.0,1.8,1.6,2.136,3.098,3.098
36x2.2,1.8,1.58,2.336,3.350,3.350
36x2.5,1.8,1.55,2.631,3.711,3.711
36x2.8,1.8,1.52,2.920,4.052,4.052
36x3.0,1.8,1.5,3.110,4.269,4.269
38x1.2,1.9,1.78,1.387,2.351,2.351
38x1.4,1.9,1.76,1.610,2.699,2.699
38x1.5,1.9,1.75,1.720,2.869,2.869
38x1.6,1.9,1.74,1.830,3.036,3.036
38x1.8,1.9,1.72,2.047,3.361,3.361
38x2.0,1.9,1.7,2.262,3.676,3.676
38x2.2,1.9,1.68,2.474,3.979,3.979
38x2.5,1.9,1.65,2.788,4.414,4.414
38x2.8,1.9,1.62,3.096,4.826,4.826
38x3.0,1.9,1.6,3.299,5.088,5.088
40x1.2,2,1.88,1.463,2.755,2.755
40x1.4,2,1.86,1.698,3.166,3.166
40x1.5,2,1.85,1.814,3.367,3.367
40x1.6,2,1.84,1.930,3.564,3.564
40x1.8,2,1.82,2.160,3.949,3.949
40x2.0,2,1.8,2.388,4.322,4.322
40x2.2,2,1.78,2.613,4.682,4.682
40x2.5,2,1.75,2.945,5.200,5.200
40x2.8,2,1.72,3.272,5.692,5.692
40x3.0,2,1.7,3.487,6.007,6.007
42x1.2,2.1,1.98,1.538,3.203,3.203
42x1.4,2.1,1.96,1.786,3.684,3.684
42x1.5,2.1,1.95,1.909,3.918,3.918
42x1.6,2.1,1.94,2.031,4.150,4.150
42x1.8,2.1,1.92,2.273,4.601,4.601
42x2.0,2.1,1.9,2.513,5.039,5.039
42x2.2,2.1,1.88,2.751,5.463,5.463
42x2.5,2.1,1.85,3.102,6.075,6.075
42x2.8,2.1,1.82,3.448,6.657,6.657
42x3.0,2.1,1.8,3.676,7.030,7.030
44.5x1.2,2.225,2.105,1.632,3.829,3.829
44.5x1.4,2.225,2.085,1.896,4.406,4.406
44.5x1.5,2.225,2.075,2.026,4.689,4.689
44.5x1.6,2.225,2.065,2.156,4.968,4.968
44.5x1.8,2.225,2.045,2.415,5.513,5.513
44.5x2.0,2.225,2.025,2.670,6.043,6.043
44.5x2.2,2.225,2.005,2.924,6.557,6.557
44.5x2.5,2.225,1.975,3.299,7.299,7.299
44.5x2.8,2.225,1.945,3.668,8.009,8.009
44.5x3.0,2.225,1.925,3.911,8.464,8.464
45x1.2,2.25,2.13,1.651,3.963,3.963
45x1.4,2.25,2.11,1.918,4.561,4.561
45x1.5,2.25,2.1,2.050,4.854,4.854
45x1.6,2.25,2.09,2.182,5.143,5.143
45x1.8,2.25,2.07,2.443,5.709,5.709
45x2.0,2.25,2.05,2.702,6.258,6.258
45x2.2,2.25,2.03,2.958,6.791,6.791
45x2.5,2.25,2,3.338,7.563,7.563
45x2.8,2.25,1.97,3.712,8.300,8.300
45x3.0,2.25,1.95,3.958,8.773,8.773
48x1.4,2.4,2.26,2.050,5.568,5.568
48x1.5,2.4,2.25,2.191,5.929,5.929
48x1.6,2.4,2.24,2.332,6.284,6.284
48x1.8,2.4,2.22,2.613,6.981,6.981
48x2.0,2.4,2.2,2.890,7.659,7.659
48x2.2,2.4,2.18,3.165,8.319,8.319
48x2.5,2.4,2.15,3.574,9.276,9.276
48x2.8,2.4,2.12,3.976,10.19,10.19
48x3.0,2.4,2.1,4.241,10.78,10.78
48x3.2,2.4,2.08,4.504,11.36,11.36
48x3.5,2.4,2.05,4.893,12.19,12.19
48.3x1.4,2.415,2.275,2.063,5.677,5.677
48.3x1.5,2.415,2.265,2.205,6.044,6.044
48.3x1.6,2.415,2.255,2.347,6.407,6.407
48.3x1.8,2.415,2.235,2.630,7.118,7.118
48.3x2.0,2.415,2.215,2.909,7.810,7.810
48.3x2.2,2.415,2.195,3.186,8.483,8.483
48.3x2.5,2.415,2.165,3.597,9.460,9.460
48.3x2.8,2.415,2.135,4.002,10.40,10.40
48.3x3.0,2.415,2.115,4.269,11.00,11.00
48.3x3.2,2.415,2.095,4.534,11.59,11.59
48.3x3.5,2.415,2.065,4.926,12.43,12.43
51x1.4,2.55,2.41,2.182,6.714,6.714
51x1.5,2.55,2.4,2.333,7.151,7.151
51x1.6,2.55,2.39,2.483,7.583,7.583
51x1.8,2.55,2.37,2.782,8.430,8.430
51x2.0,2.55,2.35,3.079,9.256,9.256
51x2.2,2.55,2.33,3.373,10.06,10.06
51x2.5,2.55,2.3,3.809,11.23,11.23
51x2.8,2.55,2.27,4.240,12.35,12.35
51x3.0,2.55,2.25,4.524,13.08,13.08
51x3.2,2.55,2.23,4.805,13.79,13.79
51x3.5,2.55,2.2,5.223,14.81,14.81
53x1.4,2.65,2.51,2.269,7.559,7.559
53x1.5,2.65,2.5,2.427,8.053,8.053
53x1.6,2.65,2.49,2.584,8.541,8.541
53x1.8,2.65,2.47,2.895,9.499,9.499
53x2.0,2.65,2.45,3.204,10.43,10.43
53x2.2,2.65,2.43,3.511,11.35,11.35
53x3.0,2.65,2.35,4.712,14.78,14.78
53x3.2,2.65,2.33,5.006,15.58,15.58
53x3.5,2.65,2.3,5.443,16.75,16.75
53x2.5,2.65,2.4,3.966,12.67,12.67
53x2.8,2.65,2.37,4.416,13.95,13.95
54x1.4,2.7,2.56,2.313,8.007,8.007
54x1.5,2.7,2.55,2.474,8.531,8.531
54x1.6,2.7,2.54,2.634,9.049,9.049
54x1.8,2.7,2.52,2.952,10.07,10.07
54x2.0,2.7,2.5,3.267,11.06,11.06
54x2.2,2.7,2.48,3.580,12.03,12.03
54x2.5,2.7,2.45,4.045,13.44,13.44
54x2.8,2.7,2.42,4.504,14.80,14.80
54x3.0,2.7,2.4,4.807,15.68,15.68
54x3.2,2.7,2.38,5.107,16.54,16.54
54x3.5,2.7,2.35,5.553,17.79,17.79
57x1.4,2.85,2.71,2.445,9.456,9.456
57x1.5,2.85,2.7,2.615,10.08,10.08
57x1.6,2.85,2.69,2.785,10.69,10.69
57x1.8,2.85,2.67,3.121,11.90,11.90
57x2.0,2.85,2.65,3.456,13.08,13.08
57x2.2,2.85,2.63,3.788,14.24,14.24
57x2.5,2.85,2.6,4.280,15.93,15.93
57x2.8,2.85,2.57,4.768,17.55,17.55
57x3.0,2.85,2.55,5.089,18.61,18.61
57x3.2,2.85,2.53,5.409,19.64,19.64
57x3.5,2.85,2.5,5.883,21.14,21.14
60x1.4,3,2.86,2.577,11.07,11.07
60x1.5,3,2.85,2.757,11.80,11.80
60x1.6,3,2.84,2.936,12.52,12.52
60x1.8,3,2.82,3.291,13.95,13.95
60x2.0,3,2.8,3.644,15.34,15.34
60x2.2,3,2.78,3.995,16.71,16.71
60x2.5,3,2.75,4.516,18.70,18.70
60x2.8,3,2.72,5.032,20.63,20.63
60x3.0,3,2.7,5.372,21.88,21.88
60x3.2,3,2.68,5.710,23.10,23.10
60x3.5,3,2.65,6.212,24.88,24.88
60x3.8,3,2.62,6.709,26.61,26.61
63.5x1.4,3.175,3.035,2.731,13.17,13.17
63.5x1.5,3.175,3.025,2.922,14.05,14.05
63.5x1.6,3.175,3.015,3.111,14.91,14.91
63.5x1.8,3.175,2.995,3.489,16.62,16.62
63.5x2.0,3.175,2.975,3.864,18.29,18.29
63.5x2.2,3.175,2.955,4.237,19.93,19.93
63.5x2.5,3.175,2.925,4.791,22.32,22.32
63.5x2.8,3.175,2.895,5.339,24.64,24.64
63.5x3.0,3.175,2.875,5.702,26.15,26.15
63.5x3.2,3.175,2.855,6.062,27.63,27.63
63.5x3.5,3.175,2.825,6.597,29.79,29.79
63.5x3.8,3.175,2.795,7.127,31.88,31.88
70x1.4,3.5,3.36,3.017,17.76,17.76
70x1.5,3.5,3.35,3.228,18.94,18.94
70x1.6,3.5,3.34,3.438,20.12,20.12
70x1.8,3.5,3.32,3.857,22.44,22.44
70x2.0,3.5,3.3,4.273,24.72,24.72
70x2.2,3.5,3.28,4.686,26.95,26.95
70x2.5,3.5,3.25,5.301,30.23,30.23
70x2.8,3.5,3.22,5.911,33.43,33.43
70x3.0,3.5,3.2,6.315,35.50,35.50
70x3.2,3.5,3.18,6.715,37.54,37.54
70x3.5,3.5,3.15,7.312,40.53,40.53
70x3.8,3.5,3.12,7.903,43.44,43.44
70x4.0,3.5,3.1,8.294,45.33,45.33
73x1.4,3.65,3.51,3.149,20.19,20.19
73x1.5,3.65,3.5,3.369,21.54,21.54
73x1.6,3.65,3.49,3.589,22.88,22.88
73x1.8,3.65,3.47,4.026,25.53,25.53
73x2.0,3.65,3.45,4.461,28.13,28.13
73x2.2,3.65,3.43,4.893,30.69,30.69
73x2.5,3.65,3.4,5.537,34.44,34.44
73x2.8,3.65,3.37,6.175,38.10,38.10
73x3.0,3.65,3.35,6.597,40.48,40.48
73x3.2,3.65,3.33,7.017,42.82,42.82
73x3.5,3.65,3.3,7.642,46.26,46.26
73x3.8,3.65,3.27,8.261,49.60,49.60
73x4.0,3.65,3.25,8.671,51.78,51.78
76x1.4,3.8,3.66,3.281,22.83,22.83
76x1.5,3.8,3.65,3.511,24.37,24.37
76x1.6,3.8,3.64,3.740,25.89,25.89
76x1.8,3.8,3.62,4.196,28.89,28.89
76x2.0,3.8,3.6,4.650,31.85,31.85
76x2.2,3.8,3.58,5.101,34.76,34.76
76x2.5,3.8,3.55,5.773,39.03,39.03
76x2.8,3.8,3.52,6.439,43.19,43.19
76x3.0,3.8,3.5,6.880,45.91,45.91
76x3.2,3.8,3.48,7.319,48.58,48.58
76x3.5,3.8,3.45,7.972,52.50,52.50
76x3.8,3.8,3.42,8.619,56.32,56.32
76x4.0,3.8,3.4,9.048,58.81,58.81
76x4.5,3.8,3.35,10.11,64.85,64.85
76x5.0,3.8,3.3,11.15,70.62,70.62
76x5.5,3.8,3.25,12.18,76.14,76.14
83x1.6,4.15,3.99,4.092,33.90,33.90
83x1.8,4.15,3.97,4.592,37.86,37.86
83x2.0,4.15,3.95,5.089,41.76,41.76
83x2.2,4.15,3.93,5.584,45.61,45.61
83x2.5,4.15,3.9,6.322,51.26,51.26
83x2.8,4.15,3.87,7.055,56.79,56.79
83x3.0,4.15,3.85,7.540,60.40,60.40
83x3.2,4.15,3.83,8.022,63.96,63.96
83x3.5,4.15,3.8,8.741,69.19,69.19
83x3.8,4.15,3.77,9.455,74.30,74.30
83x4.0,4.15,3.75,9.927,77.64,77.64
83x4.5,4.15,3.7,11.10,85.76,85.76
83x5.0,4.15,3.65,12.25,93.56,93.56
83x5.5,4.15,3.6,13.39,101.04,101.04
89x1.6,4.45,4.29,4.393,41.96,41.96
89x1.8,4.45,4.27,4.931,46.89,46.89
89x2.0,4.45,4.25,5.466,51.75,51.75
89x2.2,4.45,4.23,5.999,56.54,56.54
89x2.5,4.45,4.2,6.794,63.59,63.59
89x2.8,4.45,4.17,7.583,70.50,70.50
89x3.0,4.45,4.15,8.105,75.02,75.02
89x3.2,4.45,4.13,8.626,79.48,79.48
89x3.5,4.45,4.1,9.401,86.05,86.05
89x3.8,4.45,4.07,10.17,92.48,92.48
89x4.0,4.45,4.05,10.68,96.68,96.68
89x4.5,4.45,4,11.95,106.92,106.92
89x5.0,4.45,3.95,13.19,116.79,116.79
89x5.5,4.45,3.9,14.43,126.29,126.29
95x2.0,4.75,4.55,5.843,63.20,63.20
95x2.5,4.75,4.5,7.265,77.76,77.76
95x3.2,4.75,4.43,9.229,97.33,97.33
95x5.0,4.75,4.25,14.14,143.58,143.58
102x1.8,5.1,4.92,5.666,71.13,71.13
102x2.0,5.1,4.9,6.283,78.57,78.57
102x2.2,5.1,4.88,6.898,85.92,85.92
102x2.5,5.1,4.85,7.815,96.77,96.77
102x2.8,5.1,4.82,8.726,107.42,107.42
102x3.0,5.1,4.8,9.331,114.42,114.42
102x3.2,5.1,4.78,9.932,121.32,121.32
102x3.5,5.1,4.75,10.83,131.52,131.52
102x3.8,5.1,4.72,11.72,141.52,141.52
102x4.0,5.1,4.7,12.32,148.09,148.09
102x4.5,5.1,4.65,13.78,164.14,164.14
102x5.0,5.1,4.6,15.24,179.68,179.68
102x5.5,5.1,4.55,16.67,194.72,194.72
108x1.8,5.4,5.22,6.005,84.69,84.69
108x2.0,5.4,5.2,6.660,93.58,93.58
108x2.2,5.4,5.18,7.312,102.36,102.36
108x2.5,5.4,5.15,8.286,115.35,115.35
108x2.8,5.4,5.12,9.254,128.11,128.11
108x3.0,5.4,5.1,9.896,136.49,136.49
108x3.2,5.4,5.08,10.54,144.78,144.78
108x3.5,5.4,5.05,11.49,157.02,157.02
108x3.8,5.4,5.02,12.44,169.05,169.05
108x4.0,5.4,5,13.07,176.95,176.95
108x4.5,5.4,4.95,14.63,196.30,196.30
108x5.0,5.4,4.9,16.18,215.06,215.06
108x5.5,5.4,4.85,17.71,233.26,233.26
114x1.8,5.7,5.52,6.345,99.87,99.87
114x2.0,5.7,5.5,7.037,110.38,110.38
114x2.2,5.7,5.48,7.727,120.77,120.77
114x2.5,5.7,5.45,8.757,136.16,136.16
114x2.8,5.7,5.42,9.782,151.29,151.29
114x3.0,5.7,5.4,10.46,161.24,161.24
114x3.2,5.7,5.38,11.14,171.08,171.08
114x3.5,5.7,5.35,12.15,185.63,185.63
114x3.8,5.7,5.32,13.16,199.94,199.94
114x4.0,5.7,5.3,13.82,209.35,209.35
114x4.5,5.7,5.25,15.48,232.41,232.41
114x5.0,5.7,5.2,17.12,254.81,254.81
114x5.5,5.7,5.15,18.75,276.58,276.58
127x1.8,6.35,6.17,7.080,138.75,138.75
127x2.0,6.35,6.15,7.854,153.44,153.44
127x2.2,6.35,6.13,8.626,167.98,167.98
127x2.5,6.35,6.1,9.778,189.53,189.53
127x2.8,6.35,6.07,10.93,210.77,210.77
127x3.0,6.35,6.05,11.69,224.75,224.75
127x3.2,6.35,6.03,12.45,238.60,238.60
127x3.5,6.35,6,13.58,259.11,259.11
127x3.8,6.35,5.97,14.71,279.31,279.31
127x4.0,6.35,5.95,15.46,292.61,292.61
127x4.5,6.35,5.9,17.32,325.29,325.29
127x5.0,6.35,5.85,19.16,357.14,357.14
127x5.5,6.35,5.8,20.99,388.19,388.19
133x1.8,6.65,6.47,7.419,159.67,159.67
133x2.0,6.65,6.45,8.231,176.61,176.61
133x2.2,6.65,6.43,9.040,193.39,193.39
133x2.5,6.65,6.4,10.25,218.27,218.27
133x2.8,6.65,6.37,11.45,242.80,242.80
133x3.0,6.65,6.35,12.25,258.97,258.97
133x3.2,6.65,6.33,13.05,274.98,274.98
133x3.5,6.65,6.3,14.24,298.71,298.71
133x3.8,6.65,6.27,15.42,322.11,322.11
133x4.0,6.65,6.25,16.21,337.53,337.53
133x4.5,6.65,6.2,18.17,375.42,375.42
133x5.0,6.65,6.15,20.11,412.40,412.40
133x5.5,6.65,6.1,22.03,448.50,448.50
140x1.8,7,6.82,7.815,186.61,186.61
140x2.0,7,6.8,8.671,206.45,206.45
140x2.2,7,6.78,9.524,226.12,226.12
140x2.5,7,6.75,10.80,255.30,255.30
140x2.8,7,6.72,12.07,284.09,284.09
140x3.0,7,6.7,12.91,303.08,303.08
140x3.2,7,6.68,13.75,321.89,321.89
140x3.5,7,6.65,15.01,349.79,349.79
140x3.8,7,6.62,16.26,377.32,377.32
140x4.0,7,6.6,17.09,395.47,395.47
140x4.5,7,6.55,19.16,440.12,440.12
140x5.0,7,6.5,21.21,483.76,483.76
140x5.5,7,6.45,23.24,526.40,526.40
152x1.8,7.6,7.42,8.494,239.55,239.55
152x2.0,7.6,7.4,9.425,265.12,265.12
152x2.2,7.6,7.38,10.35,290.48,290.48
152x2.5,7.6,7.35,11.74,328.13,328.13
152x2.8,7.6,7.32,13.12,365.32,365.32
152x3.0,7.6,7.3,14.04,389.87,389.87
152x3.2,7.6,7.28,14.96,414.21,414.21
152x3.5,7.6,7.25,16.33,450.35,450.35
152x3.8,7.6,7.22,17.69,486.04,486.04
152x4.0,7.6,7.2,18.60,509.59,509.59
152x4.5,7.6,7.15,20.85,567.61,567.61
152x5.0,7.6,7.1,23.09,624.43,624.43
152x5.5,7.6,7.05,25.31,680.06,680.06
159x1.8,7.95,7.77,8.889,274.63,274.63
159x2.0,7.95,7.75,9.865,303.99,303.99
159x2.2,7.95,7.73,10.84,333.12,333.12
159x2.5,7.95,7.7,12.29,376.40,376.40
159x2.8,7.95,7.67,13.74,419.18,419.18
159x3.0,7.95,7.65,14.70,447.42,447.42
159x3.2,7.95,7.63,15.66,475.44,475.44
159x3.5,7.95,7.6,17.10,517.06,517.06
159x3.8,7.95,7.57,18.53,558.19,558.19
159x4.0,7.95,7.55,19.48,585.33,585.33
159x4.5,7.95,7.5,21.84,652.27,652.27
159x5.0,7.95,7.45,24.19,717.88,717.88
159x5.5,7.95,7.4,26.52,782.18,782.18
159x6.0,7.95,7.35,28.84,845.19,845.19
159x7.0,7.95,7.25,33.43,967.41,967.41
159x8.0,7.95,7.15,37.95,1084.7,1084.7
168x1.8,8.4,8.22,9.398,324.55,324.55
168x2.0,8.4,8.2,10.43,359.32,359.32
168x2.2,8.4,8.18,11.46,393.83,393.83
168x2.5,8.4,8.15,13.00,445.14,445.14
168x2.8,8.4,8.12,14.53,495.88,495.88
168x3.0,8.4,8.1,15.55,529.39,529.39
168x3.2,8.4,8.08,16.57,562.66,562.66
168x3.5,8.4,8.05,18.09,612.10,612.10
168x3.8,8.4,8.02,19.60,660.99,660.99
168x4.0,8.4,8,20.61,693.28,693.28
168x4.5,8.4,7.95,23.11,772.96,772.96
168x5.0,8.4,7.9,25.60,851.14,851.14
168x5.5,8.4,7.85,28.08,927.85,927.85
168x6.0,8.4,7.8,30.54,1003.1,1003.1
168x7.0,8.4,7.7,35.41,1149.4,1149.4
168x9.0,8.4,7.5,44.96,1425.2,1425.2
177.8x1.8,8.89,8.71,9.953,385.40,385.40
177.8x2.0,8.89,8.69,11.05,426.78,426.78
177.8x2.2,8.89,8.67,12.14,467.87,467.87
177.8x2.5,8.89,8.64,13.77,528.97,528.97
177.8x2.8,8.89,8.61,15.39,589.44,589.44
177.8x3.0,8.89,8.59,16.47,629.41,629.41
177.8x3.2,8.89,8.57,17.55,669.10,669.10
177.8x3.5,8.89,8.54,19.17,728.11,728.11
177.8x3.8,8.89,8.51,20.77,786.50,786.50
177.8x4.0,8.89,8.49,21.84,825.09,825.09
177.8x4.5,8.89,8.44,24.50,920.37,920.37
177.8x5.0,8.89,8.39,27.14,1014.0,1014.0
177.8x5.5,8.89,8.34,29.77,1105.9,1105.9
177.8x6.0,8.89,8.29,32.38,1196.2,1196.2
177.8x7.0,8.89,8.19,37.56,1372.0,1372.0
177.8x8.0,8.89,8.09,42.68,1541.4,1541.4
180x4.0,9,8.6,22.12,856.81,856.81
180x5.0,9,8.5,27.49,1053.2,1053.2
193.7x2.0,9.685,9.485,12.04,553.35,553.35
193.7x2.2,9.685,9.465,13.24,606.80,606.80
193.7x2.5,9.685,9.435,15.02,686.34,686.34
193.7x2.8,9.685,9.405,16.79,765.12,765.12
193.7x3.0,9.685,9.385,17.97,817.22,817.22
193.7x3.2,9.685,9.365,19.15,869.00,869.00
193.7x3.5,9.685,9.335,20.91,946.03,946.03
193.7x3.8,9.685,9.305,22.67,1022.3,1022.3
193.7x4.0,9.685,9.285,23.84,1072.8,1072.8
193.7x4.5,9.685,9.235,26.75,1197.5,1197.5
193.7x5.0,9.685,9.185,29.64,1320.2,1320.2
193.7x5.5,9.685,9.135,32.52,1441.0,1441.0
193.7x6.0,9.685,9.085,35.38,1559.7,1559.7
193.7x7.0,9.685,8.985,41.06,1791.4,1791.4
193.7x8.0,9.685,8.885,46.67,2015.5,2015.5
219x2.5,10.95,10.7,17.00,996.39,996.39
219x2.8,10.95,10.67,19.02,1111.4,1111.4
219x3.0,10.95,10.65,20.36,1187.5,1187.5
219x3.2,10.95,10.63,21.69,1263.2,1263.2
219x3.5,10.95,10.6,23.70,1375.9,1375.9
219x3.8,10.95,10.57,25.69,1487.7,1487.7
219x4.0,10.95,10.55,27.02,1561.7,1561.7
219x4.5,10.95,10.5,30.32,1744.8,1744.8
219x5.0,10.95,10.45,33.62,1925.3,1925.3
219x5.5,10.95,10.4,36.89,2103.3,2103.3
219x6.0,10.95,10.35,40.15,2278.7,2278.7
219x7.0,10.95,10.25,46.62,2622.0,2622.0
219x8.0,10.95,10.15,53.03,2955.4,2955.4
219x9.0,10.95,10.05,59.38,3279.1,3279.1
244.5x3.0,12.225,11.925,22.76,1659.6,1659.6
244.5x3.2,12.225,11.905,24.26,1765.9,1765.9
244.5x3.5,12.225,11.875,26.50,1924.3,1924.3
244.5x3.8,12.225,11.845,28.73,2081.5,2081.5
244.5x4.0,12.225,11.825,30.22,2185.7,2185.7
244.5x4.5,12.225,11.775,33.93,2443.8,2443.8
244.5x5.0,12.225,11.725,37.62,2698.6,2698.6
244.5x5.5,12.225,11.675,41.30,2950.2,2950.2
244.5x6.0,12.225,11.625,44.96,3198.5,3198.5
244.5x7.0,12.225,11.525,52.23,3685.8,3685.8
244.5x8.0,12.225,11.425,59.44,4160.4,4160.4
244.5x9.0,12.225,11.325,66.59,4622.8,4622.8
273x3.5,13.65,13.3,29.63,2690.8,2690.8
273x3.8,13.65,13.27,32.14,2911.8,2911.8
273x4.0,13.65,13.25,33.80,3058.2,3058.2
273x4.5,13.65,13.2,37.96,3421.6,3421.6
273x5.0,13.65,13.15,42.10,3780.8,3780.8
273x5.5,13.65,13.1,46.22,4136.0,4136.0
273x6.0,13.65,13.05,50.33,4487.1,4487.1
273x7.0,13.65,12.95,58.50,5177.3,5177.3
273x8.0,13.65,12.85,66.60,5851.7,5851.7
273x9.0,13.65,12.75,74.64,6510.6,6510.6
325x4.0,16.25,15.85,40.34,5196.4,5196.4
325x4.5,16.25,15.8,45.31,5818.9,5818.9
325x5.0,16.25,15.75,50.27,6435.6,6435.6
325x5.5,16.25,15.7,55.21,7046.3,7046.3
325x6.0,16.25,15.65,60.13,7651.3,7651.3
325x7.0,16.25,15.55,69.93,8844.0,8844.0
325x8.0,16.25,15.45,79.67,10014,10014
325x9.0,16.25,15.35,89.35,11161,11161
355.6x4.0,17.78,17.38,44.18,6828.5,6828.5
355.6x4.5,17.78,17.33,49.64,7649.6,7649.6
355.6x5.0,17.78,17.28,55.07,8463.6,8463.6
355.6x5.5,17.78,17.23,60.49,9270.6,9270.6
355.6x6.0,17.78,17.18,65.90,10071,10071
355.6x7.0,17.78,17.08,76.66,11650,11650
355.6x8.0,17.78,16.98,87.36,13201,13201
355.6x9.0,17.78,16.88,98.00,14726,14726
355.6x10.0,17.78,16.78,108.57,16223,16223
377x4.0,18.85,18.45,46.87,8152.6,8152.6
377x4.5,18.85,18.4,52.66,9135.1,9135.1
377x5.0,18.85,18.35,58.43,10110,10110
377x5.5,18.85,18.3,64.19,11076,11076
377x6.0,18.85,18.25,69.93,12035,12035
377x7.0,18.85,18.15,81.37,13929,13929
377x8.0,18.85,18.05,92.74,15792,15792
377x9.0,18.85,17.95,104.05,17624,17624
377x10.0,18.85,17.85,115.30,19426,19426
406.4x4.0,20.32,19.92,50.57,10236,10236
406.4x4.5,20.32,19.87,56.82,11473,11473
406.4x5.0,20.32,19.82,63.05,12701,12701
406.4x5.5,20.32,19.77,69.27,13919,13919
406.4x6.0,20.32,19.72,75.47,15128,15128
406.4x7.0,20.32,19.62,87.83,17519,17519
406.4x8.0,20.32,19.52,100.13,19874,19874
406.4x9.0,20.32,19.42,112.36,22193,22193
406.4x10.0,20.32,19.32,124.53,24476,24476
406.4x11.0,20.32,19.22,136.64,26724,26724
406.4x12.0,20.32,19.12,148.69,28937,28937
426x4.0,21.3,20.9,53.03,11806,11806
426x4.5,21.3,20.85,59.59,13235,13235
426x5.0,21.3,20.8,66.13,14653,14653
426x5.5,21.3,20.75,72.66,16062,16062
426x6.0,21.3,20.7,79.17,17460,17460
426x7.0,21.3,20.6,92.14,20227,20227
426x8.0,21.3,20.5,105.05,22953,22953
426x9.0,21.3,20.4,117.90,25640,25640
426x10.0,21.3,20.3,130.69,28287,28287
426x11.0,21.3,20.2,143.41,30896,30896
426x12.0,21.3,20.1,156.07,33466,33466
478x5.0,23.9,23.4,74.30,20781,20781
478x5.5,23.9,23.35,81.64,22787,22787
478x6.0,23.9,23.3,88.97,24780,24780
478x7.0,23.9,23.2,103.58,28729,28729
478x8.0,23.9,23.1,118.12,32626,32626
478x9.0,23.9,23,132.61,36474,36474
478x10.0,23.9,22.9,147.03,40271,40271
478x11.0,23.9,22.8,161.38,44019,44019
478x12.0,23.9,22.7,175.68,47718,47718
530x5.0,26.5,26,82.47,28415,28415
530x5.5,26.5,25.95,90.63,31168,31168
530x6.0,26.5,25.9,98.77,33905,33905
530x7.0,26.5,25.8,115.01,39332,39332
530x8.0,26.5,25.7,131.19,44695,44695
530x9.0,26.5,25.6,147.31,49997,49997
530x10.0,26.5,25.5,163.36,55237,55237
530x11.0,26.5,25.4,179.35,60416,60416
530x12.0,26.5,25.3,195.28,65534,65534
530x13.0,26.5,25.2,211.15,70591,70591
530x14.0,26.5,25.1,226.95,75589,75589
530x16.0,26.5,24.9,258.36,85406,85406
530x17.0,26.5,24.8,273.98,90227,90227
530x17.5,26.5,24.75,281.76,92616,92616
530x18.0,26.5,24.7,289.53,94990,94990
530x19.0,26.5,24.6,305.02,99696,99696
530x20.0,26.5,24.5,320.44,104344,104344
530x21.0,26.5,24.4,335.80,108936,108936
530x22.0,26.5,24.3,351.10,113472,113472
530x23.0,26.5,24.2,366.34,117952,117952
530x24.0,26.5,24.1,381.52,122377,122377
630x7.0,31.5,30.8,137.00,66478,66478
630x8.0,31.5,30.7,156.33,75612,75612
630x9.0,31.5,30.6,175.58,84658,84658
630x10.0,31.5,30.5,194.78,93616,93616
630x11.0,31.5,30.4,213.91,102485,102485
630x12.0,31.5,30.3,232.98,111268,111268
630x17.0,31.5,29.8,327.39,153895,153895
630x14.0,31.5,30.1,270.93,128574,128574
630x16.0,31.5,29.9,308.63,145539,145539
630x13.0,31.5,30.2,251.99,119964,119964
630x17.5,31.5,29.75,336.74,158041,158041
630x18.0,31.5,29.7,346.08,162167,162167
630x19.0,31.5,29.6,364.71,170356,170356
630x20.0,31.5,29.5,383.27,178462,178462
720x7.0,36,35.3,156.80,99648,99648
720x8.0,36,35.2,178.95,113408,113408
720x9.0,36,35.1,201.03,127052,127052
720x10.0,36,35,223.05,140579,140579
720x11.0,36,34.9,245.01,153991,153991
720x12.0,36,34.8,266.91,167288,167288
720x13.0,36,34.7,288.74,180471,180471
720x14.0,36,34.6,310.52,193541,193541
720x16.0,36,34.4,353.87,219342,219342
720x17.0,36,34.3,375.45,232075,232075
720x17.5,36,34.25,386.22,238400,238400
720x18.0,36,34.2,396.97,244697,244697
720x19.0,36,34.1,418.43,257209,257209
720x20.0,36,34,439.82,269611,269611
720x21.0,36,33.9,461.15,281905,281905
720x22.0,36,33.8,482.42,294090,294090
720x23.0,36,33.7,503.63,306167,306167
720x24.0,36,33.6,524.77,318138,318138
720x25.0,36,33.5,545.85,330001,330001
720x26.0,36,33.4,566.87,341760,341760
720x27.0,36,33.3,587.82,353413,353413
720x28.0,36,33.2,608.71,364961,364961
720x29.0,36,33.1,629.54,376406,376406
720x30.0,36,33,650.31,387747,387747
820x7.0,41,40.3,178.79,147728,147728
820x8.0,41,40.2,204.08,168213,168213
820x9.0,41,40.1,229.30,188546,188546
820x10.0,41,40,254.47,208728,208728
820x11.0,41,39.9,279.57,228759,228759
820x12.0,41,39.8,304.61,248640,248640
820x13.0,41,39.7,329.58,268372,268372
820x14.0,41,39.6,354.50,287955,287955
820x16.0,41,39.4,404.13,326678,326678
820x17.0,41,39.3,428.86,345820,345820
820x17.5,41,39.25,441.20,355336,355336
820x18.0,41,39.2,453.52,364816,364816
820x19.0,41,39.1,478.12,383668,383668
820x20.0,41,39,502.65,402375,402375
820x21.0,41,38.9,527.13,420939,420939
820x22.0,41,38.8,551.54,439361,439361
820x23.0,41,38.7,575.89,457640,457640
820x24.0,41,38.6,600.17,475779,475779
820x25.0,41,38.5,624.39,493777,493777
820x26.0,41,38.4,648.55,511635,511635
820x27.0,41,38.3,672.65,529354,529354
820x28.0,41,38.2,696.68,546935,546935
820x29.0,41,38.1,720.65,564379,564379
820x30.0,41,38,744.56,581686,581686
920x7.0,46,45.3,200.78,209216,209216
920x8.0,46,45.2,229.21,238324,238324
920x9.0,46,45.1,257.58,267239,267239
920x10.0,46,45,285.88,295962,295962
920x11.0,46,44.9,314.13,324495,324495
920x12.0,46,44.8,342.31,352837,352837
920x13.0,46,44.7,370.43,380991,380991
920x14.0,46,44.6,398.48,408956,408956
920x16.0,46,44.4,454.40,464324,464324
920x17.0,46,44.3,482.27,491729,491729
920x17.5,46,44.25,496.18,505362,505362
920x18.0,46,44.2,510.07,518949,518949
920x19.0,46,44.1,537.81,545985,545985
920x20.0,46,44,565.49,572838,572838
1020x8.0,51,50.2,254.34,325626,325626
1020x9.0,51,50.1,285.85,365250,365250
1020x10.0,51,50,317.30,404638,404638
1020x11.0,51,49.9,348.69,443790,443790
1020x12.0,51,49.8,380.01,482708,482708
1020x13.0,51,49.7,411.27,521392,521392
1020x14.0,51,49.6,442.46,559843,559843
1020x16.0,51,49.4,504.67,636050,636050
1020x17.0,51,49.3,535.67,673808,673808
1020x17.5,51,49.25,551.15,692601,692601
1020x18.0,51,49.2,566.62,711337,711337
1020x19.0,51,49.1,597.50,748639,748639
1020x20.0,51,49,628.32,785712,785712
1020x21.0,51,48.9,659.07,822560,822560
1020x22.0,51,48.8,689.77,859182,859182
1020x23.0,51,48.7,720.40,895580,895580
1020x24.0,51,48.6,750.97,931754,931754
1020x25.0,51,48.5,781.47,967706,967706
1020x26.0,51,48.4,811.91,1003435,1003435
1020x27.0,51,48.3,842.29,1038945,1038945
1020x28.0,51,48.2,872.61,1074234,1074234
1020x29.0,51,48.1,902.86,1109304,1109304
1020x30.0,51,48,933.05,1144156,1144156
1020x31.0,51,47.9,963.18,1178791,1178791
1120x8.0,56,55.2,279.48,432003,432003
1120x9.0,56,55.1,314.13,484700,484700
1120x10.0,56,55,348.72,537111,537111
1120x11.0,56,54.9,383.24,589237,589237
1120x12.0,56,54.8,417.71,641079,641079
1120x13.0,56,54.7,452.11,692637,692637
1120x14.0,56,54.6,486.44,743914,743914
1120x16.0,56,54.4,554.93,845626,845626
1120x17.0,56,54.3,589.08,896063,896063
1120x17.5,56,54.25,606.13,921177,921177
1120x18.0,56,54.2,623.17,946222,946222
1120x19.0,56,54.1,657.19,996104,996104
1120x20.0,56,54,691.15,1045711,1045711
1220x9.0,61,60.1,342.40,627710,627710
1220x10.0,61,60,380.13,695738,695738
1220x11.0,61,59.9,417.80,763427,763427
1220x12.0,61,59.8,455.41,830778,830778
1220x13.0,61,59.7,492.95,897791,897791
1220x14.0,61,59.6,530.43,964469,964469
1220x16.0,61,59.4,605.20,1096822,1096822
1220x17.0,61,59.3,642.49,1162499,1162499
1220x17.5,61,59.25,661.11,1195213,1195213
1220x18.0,61,59.2,679.71,1227844,1227844
1220x19.0,61,59.1,716.88,1292859,1292859
1220x20.0,61,59,753.98,1357545,1357545
1420x10.0,71,70,442.96,1100878,1100878
1420x11.0,71,69.9,486.92,1208404,1208404
1420x12.0,71,69.8,530.80,1315469,1315469
1420x13.0,71,69.7,574.63,1422075,1422075
1420x14.0,71,69.6,618.39,1528224,1528224
1420x16.0,71,69.4,705.73,1739152,1739152
1420x17.0,71,69.3,749.30,1843935,1843935
1420x17.5,71,69.25,771.06,1896156,1896156
1420x18.0,71,69.2,792.81,1948265,1948265
1420x19.0,71,69.1,836.26,2052144,2052144
1420x20.0,71,69,879.65,2155572,2155572
